{"pnlHistory":[-0.6575,-0.9558,-0.1686,-0.3399,-0.2995,0.0141,-0.2995,-1.5853,-0.2995,-0.2436,-0.2436,-1.0862,-0.2995,-0.2995,-0.5396,-0.7641,-0.2995,-0.2995,-1.4397,0.7656,0.7656,-0.2995,0.133,1.1554,4.7176,7.099,2.3391,-0.6916,-0.6916],"cumPnlLog":[0,0,0,-0.6575,-0.6575,-0.6575,-0.6575,-0.6575,-0.6575,-0.6575,-0.6575,-2.1218,-2.4213,-2.4072,-2.4072,-2.4072,-2.4072,-2.4072,-2.4072,-2.4072,-2.4072,-2.4072,-4.5915,-5.0786999999999995,-5.0786999999999995,-5.0786999999999995,-5.0786999999999995,-5.0786999999999995,-5.0786999999999995,-5.0786999999999995,-6.164899999999999,-6.164899999999999,-6.164899999999999,-6.7639,-6.7639,-6.7639,-7.3035,-8.067599999999999,-8.067599999999999,-8.067599999999999,-8.067599999999999,-8.067599999999999,-8.067599999999999,-8.067599999999999,-8.666599999999999,-8.666599999999999,-10.1063,-10.1063,-10.1063,-10.1063,-8.5751,-8.5751,-8.5751,-8.5751,-8.5751,-8.741600000000002,-8.741600000000002,-8.741600000000002,-8.741600000000002,-8.741600000000002,-8.741600000000002,-7.586200000000002,6.569499999999999,6.569499999999999,6.569499999999999,6.569499999999999,6.569499999999999,6.569499999999999,6.569499999999999,6.569499999999999,6.569499999999999,6.569499999999999,6.569499999999999,6.569499999999999,6.569499999999999,6.569499999999999,6.569499999999999,6.569499999999999,6.569499999999999,6.569499999999999,6.569499999999999,6.569499999999999,6.569499999999999,6.569499999999999,6.569499999999999,6.569499999999999,6.569499999999999,6.569499999999999,6.569499999999999,6.569499999999999,6.569499999999999],"lastTs":1774489400394}