{"pnlHistory":[-0.6575,-0.9558,-0.1686,-0.3399,-0.2995,0.0141,-0.2995,-1.5853,-0.2995,-0.2436,-0.2436,-1.0862,-0.2995,-0.2995,-0.5396,-0.7641,-0.2995,-0.2995,-1.4397,0.7656,0.7656,-0.2995,0.133,1.1554,4.7176,7.099,2.3391,-0.6916,-0.6916,0.7825,0.7825,-0.1861,-0.1861,-0.6344,-0.474,-0.6344,-0.474,-0.2904,-0.1708,1.4155,-0.1708,1.4155,0.3768,-0.1845,-1.1966,-1.1966,-0.5892,-0.1229,-0.1229,-2.2743,-1.2438,-0.7717,-1.2438,-0.7717,-0.7223,-0.3123,-0.0902,-0.394,-0.2995,-0.2995,-0.2872,-0.3875,0.3479,-0.3875,0.3479,-0.7747,-0.7747,1.9306,-1.0698,-1.0698,-1.1705,-1.1705,1.4409,2.0897,1.4409,2.0897,1.9747,7.5453,-1.1679,-1.1679,-3.1386,-3.1386,2.9335,3.7831,2.9335,3.7831,0.7,0.4286,0.7,0.4286,2.1669,-0.3234,2.1669,-0.3234,3.0712,-0.5208,3.0712,-0.8791,0.1248,-0.0781,0.1248,0.773,0.5054,0.773,-1.7456,-2.8799,-2.1758,-2.8799,-2.1758,-0.7269,-0.7269,-2.9571,-2.2858,-2.2858,-3.069,1.396,-0.4082,1.396,-0.4082,-1.1655,-2.0014,-2.3254,-0.8226,0.8949,0.8949,0.4998,1.0895,14.5249],"cumPnlLog":[-2.677700000000004,-2.677700000000004,-2.677700000000004,-2.677700000000004,-2.677700000000004,-2.677700000000004,-2.677700000000004,-2.677700000000004,-2.677700000000004,-2.677700000000004,-2.677700000000004,-2.677700000000004,-2.677700000000004,-2.677700000000004,-2.677700000000004,-2.677700000000004,-2.677700000000004,-2.677700000000004,-2.677700000000004,-2.677700000000004,-2.677700000000004,-2.677700000000004,-2.677700000000004,-2.677700000000004,-2.677700000000004,-2.677700000000004,-2.677700000000004,-2.677700000000004,-2.677700000000004,-2.677700000000004,-2.677700000000004,-2.677700000000004,-2.677700000000004,-2.677700000000004,-2.677700000000004,-2.677700000000004,-2.677700000000004,-2.677700000000004,-2.677700000000004,-2.677700000000004,-2.677700000000004,-2.677700000000004,-2.677700000000004,-2.677700000000004,-2.677700000000004,-2.677700000000004,-2.677700000000004,-2.677700000000004,-2.677700000000004,-2.677700000000004,-2.677700000000004,-2.677700000000004,-2.677700000000004,-2.677700000000004,-2.677700000000004,-2.677700000000004,-2.677700000000004,-2.677700000000004,-2.677700000000004,-1.2107000000000039,-1.2107000000000039,-1.2107000000000039,-1.2107000000000039,-0.12120000000000397,-0.12120000000000397,-0.12120000000000397,-0.12120000000000397,-0.12120000000000397,-0.12120000000000397,-0.12120000000000397,-0.12120000000000397,-0.12120000000000397,-0.12120000000000397,-0.12120000000000397,-0.12120000000000397,-0.12120000000000397,-0.12120000000000397,-0.12120000000000397,-0.12120000000000397,-0.12120000000000397,-0.12120000000000397,-0.12120000000000397,-0.12120000000000397,-0.12120000000000397,-0.12120000000000397,-0.12120000000000397,-0.12120000000000397,-0.12120000000000397,-0.12120000000000397,-0.12120000000000397,-0.12120000000000397,-0.12120000000000397,-0.12120000000000397,-0.12120000000000397,-0.12120000000000397,-0.12120000000000397,-0.12120000000000397,-0.12120000000000397,-0.12120000000000397,-0.12120000000000397],"lastTs":1778231000182}